Date,Session,AJ,Abhinav,Abhinav 2,Akhil,Akshay,Alok,Aman,Amey,Ananya,Ankit,Ankur,Antariksh,Ashish,Divyansh,Dvij,Gaurav,Harith,Harshit Agarwal,Harshit Anand,Harshita,Ishan,Jishnu,Kavish,Kinshuk,Kislay,Kshitij,Mac,Malav,Mansi,Mukati,Onkar,Oshin,Pallavi,Pawan,Pranali,Prashant,Princy,Rashi,Richa,Rohit,Sahil,Saket,Saloni,Sam,Samriddhi,Sanjana,Saurabh,Sawrav,Shikha,Shiva,Shivam,Shubham,Sid,Srikar,Subhinav,Sushant,Taran,Unaccounted,Vedant,Venkatesh,Vij,Vikas,Vruttant,Yash,Yashvardhan,Yatin
2025-11-14,1,0,0,0,0,0,0,0,0,412,2525,-325,-750,0,0,0,0,-225,0,0,0,0,0,0,0,-175,0,0,0,0,0,0,0,0,0,0,0,-687,0,0,0,0,0,0,0,0,0,-775,0,0,0,0,0,0,0,0,0,0,0,0,0,0,0,0,0,0,0
2025-11-15,1,0,-5,0,0,0,0,0,0,0,-1250,437,0,0,0,0,0,1010,0,0,232,0,-750,0,0,-512,0,0,0,0,0,0,0,0,0,0,0,0,0,0,0,0,0,0,0,0,750,97,0,0,0,0,0,0,0,0,0,0,0,0,0,0,0,0,0,0,0
2025-11-16,1,0,0,0,0,0,0,0,0,-500,-1250,297,0,0,0,0,0,2157,0,0,0,0,-412,0,0,0,0,0,0,0,0,0,0,0,0,0,0,0,0,0,0,0,0,0,0,0,0,-250,0,0,0,0,0,0,0,0,0,0,0,0,0,0,0,0,0,0,0
2025-11-18,1,0,0,0,0,0,0,0,0,0,1355,395,0,0,0,0,0,-750,0,0,0,0,-250,0,0,-500,0,0,0,0,0,0,0,0,0,0,0,0,0,0,0,0,0,0,0,0,0,0,0,0,0,0,0,0,0,0,-250,0,0,0,0,0,0,0,0,0,0
2025-11-20,1,0,0,0,0,0,0,-1000,0,255,-500,1050,0,0,0,0,0,330,0,0,0,0,0,0,0,0,0,0,0,0,0,0,0,630,0,0,0,-500,0,0,0,0,0,0,0,0,0,0,0,0,0,0,0,0,0,0,-308,0,0,0,0,0,0,0,0,0,0
2025-11-21,1,0,-500,0,0,0,0,578,0,-1250,-1062,3912,0,0,0,0,0,-65,0,0,0,0,0,0,0,-1200,0,0,0,0,0,0,0,160,0,0,0,-500,0,0,0,0,0,0,0,0,0,427,0,0,0,0,0,0,0,0,-500,0,0,0,0,0,0,0,0,0,0
2025-11-22,1,0,0,0,0,0,0,0,0,0,-1168,1405,0,0,0,0,0,-535,0,0,0,0,-140,0,-250,262,0,0,0,0,0,0,0,425,0,0,0,0,0,0,0,0,0,0,0,0,0,0,0,0,0,0,0,0,0,0,0,0,0,0,0,0,0,0,0,0,0
2025-11-25,1,0,0,0,0,0,0,1352,0,310,-1000,-200,0,0,0,0,0,-1250,0,0,0,0,577,0,0,95,0,0,0,0,0,0,0,735,0,0,0,0,0,0,0,0,0,0,0,0,0,-250,0,0,0,0,0,0,0,0,-250,0,0,0,0,0,0,0,0,0,0
2025-11-26,1,0,-90,0,0,0,0,0,0,0,286,712,0,0,0,0,0,0,0,0,0,0,-750,0,0,-177,0,0,0,0,0,0,0,0,0,0,0,0,0,0,0,0,0,0,0,0,17,0,0,0,0,0,0,0,0,0,0,0,0,0,0,0,0,0,0,0,0
2025-11-27,1,0,0,0,0,0,0,0,0,0,892,-185,0,0,0,0,0,-268,0,0,0,0,0,0,0,-680,0,0,0,0,0,0,0,0,0,0,0,0,0,0,0,0,0,0,0,0,565,0,0,0,0,0,0,0,0,0,-225,0,0,0,0,0,0,0,0,0,0
2025-11-28,1,0,-50,-380,0,0,0,0,0,0,-55,-1047,0,0,0,0,0,-562,0,0,0,0,2422,0,0,782,0,0,0,0,0,0,0,0,0,0,0,0,0,0,0,0,0,0,0,0,-110,0,0,0,0,0,0,0,0,0,0,0,0,0,-1000,0,0,0,0,0,0
2025-12-04,1,0,-12,0,0,0,0,0,0,0,0,905,0,0,0,0,0,-1000,0,0,0,0,792,0,0,0,0,0,0,0,0,0,0,0,0,0,0,0,0,0,0,0,0,0,0,0,-1000,0,0,0,0,0,0,0,0,0,165,0,0,0,0,0,0,0,0,0,0
2025-12-13,1,0,0,0,0,0,0,0,0,547,0,982,0,0,0,0,0,-750,0,0,0,0,0,0,0,-187,0,0,0,0,0,0,0,455,0,0,0,0,0,0,0,0,0,0,0,-375,0,-250,0,0,0,0,0,0,0,0,-460,0,0,0,0,0,0,0,0,0,0
2025-12-23,1,0,0,0,0,0,0,-1750,0,0,0,-500,0,0,0,-2000,0,750,0,0,0,0,1250,0,0,0,0,0,0,0,0,0,0,0,0,0,0,0,-650,0,0,900,0,0,0,0,1740,500,0,0,0,0,0,0,0,0,0,0,0,0,0,0,0,0,0,0,0
2025-12-26,1,0,465,0,0,0,0,300,0,0,0,-775,0,0,0,0,0,-2410,0,0,0,0,-435,0,0,35,0,0,0,0,0,0,0,0,0,0,0,0,0,0,0,0,0,0,0,0,265,-100,0,0,2685,0,0,0,0,0,0,0,0,0,0,0,0,0,0,0,0
2025-12-27,1,0,0,0,0,0,0,1270,0,0,0,-2585,0,0,0,120,0,2300,0,0,0,0,1250,0,0,340,0,0,0,0,0,0,0,0,0,0,0,0,0,0,0,0,30,0,0,0,-1500,-825,0,0,-400,0,0,0,0,0,0,0,0,0,0,0,0,0,0,0,0
2025-12-29,1,0,0,0,0,0,0,195,0,0,-250,0,0,0,0,0,0,-250,0,0,0,0,0,0,0,370,0,0,0,0,0,0,0,0,0,0,0,0,0,0,0,0,0,0,0,0,-250,-317.5,0,0,0,0,0,0,0,0,505,0,0,0,0,0,0,0,0,0,0
2025-12-31,1,0,0,0,0,0,0,1100,0,0,-2500,4585,0,0,0,0,0,-3000,0,0,0,0,-1555,0,0,1365,0,0,0,0,0,0,0,25,0,0,0,0,0,0,0,0,-500,0,0,0,480,0,0,0,0,0,0,0,0,0,0,0,0,0,0,0,0,0,0,0,0
2026-01-01,1,0,0,0,0,0,0,-2000,0,0,2950,-750,0,0,0,0,0,-500,0,0,0,0,0,0,0,0,0,0,0,0,0,0,0,0,0,0,0,0,0,0,0,0,0,0,0,0,300,0,0,0,0,0,0,0,0,0,0,0,0,0,0,0,0,0,0,0,0
2026-01-02,1,0,0,0,0,0,0,0,0,0,980,162,0,0,0,-215,-250,-378,0,0,0,0,285,0,0,0,0,0,0,0,0,0,0,0,0,0,0,0,0,0,0,0,0,0,0,0,-85,0,0,0,0,0,0,0,0,0,-500,0,0,0,0,0,0,0,0,0,0
2026-01-03,1,0,165,0,0,0,0,-750,0,0,478,0,0,0,0,0,0,-225,0,0,0,0,482,0,0,1050,0,0,0,0,0,0,0,0,0,0,0,0,0,0,0,0,-200,0,0,0,0,0,0,0,0,0,0,0,0,0,-1000,0,0,0,0,0,0,0,0,0,0
2026-01-04,1,0,0,0,0,0,0,-855,0,0,-1327.5,90,0,0,0,0,0,1010,0,0,-1000,0,-267.5,0,0,-250,0,0,0,0,0,0,0,0,0,0,0,0,0,0,0,0,0,0,0,0,2775,75,0,0,0,0,0,0,0,0,0,0,0,0,0,0,0,0,0,0,0
2026-01-05,1,0,0,0,0,0,0,325,0,-570,1942.5,287.5,0,0,0,0,-250,-750,0,0,0,0,0,0,0,0,0,0,0,0,0,0,0,0,0,0,0,137.5,0,0,0,0,0,0,0,0,-750,0,0,0,0,0,0,0,0,0,-622.5,0,0,0,0,0,0,0,0,0,0
2026-01-06,1,0,0,0,0,0,0,250,500,0,85,687.5,0,0,0,-310,0,-250,0,0,0,0,0,0,0,0,0,0,0,0,0,0,0,0,0,0,0,0,0,0,0,0,0,0,0,0,-40,0,0,0,0,0,0,0,0,0,77.5,0,0,-1000,0,0,0,0,0,0,0
2026-01-08,1,0,0,0,0,0,0,-500,0,0,-897.5,-1250,0,0,0,887.5,0,1650,0,0,0,0,135,0,0,-70,0,0,0,0,0,0,0,0,0,0,0,0,0,0,0,0,770,0,0,0,25,0,0,0,0,0,0,0,0,0,-750,0,0,0,0,0,0,0,0,0,0
2026-01-09,1,0,391,0,0,0,0,-500,0,-485,376,1123,0,0,0,0,0,-2000,0,0,0,0,-250,0,0,-63,0,0,0,0,0,0,0,0,0,0,0,0,0,0,0,0,0,0,0,0,-610,0,0,0,0,0,0,0,0,0,2018,0,0,0,0,0,0,0,0,0,0
2026-01-10,1,0,0,0,-750,0,0,515,0,0,2180,-382.5,0,0,0,0,0,682.5,0,0,0,0,0,0,0,505,0,0,0,0,0,0,0,0,0,0,0,0,0,0,0,0,0,0,0,0,0,0,0,0,0,0,0,-1250,0,0,-1500,0,0,0,0,0,0,0,0,0,0
2026-01-11,1,0,0,0,0,0,0,-250,0,0,700,255,0,0,0,0,0,-750,0,0,0,0,942,0,0,352,0,0,0,0,0,0,0,0,0,0,0,0,0,0,0,0,-750,0,0,0,0,0,0,0,0,0,0,0,0,0,-500,0,0,0,0,0,0,0,0,0,0
2026-01-12,1,0,0,0,-2750,0,0,150,0,295,577.5,1760,0,0,0,0,0,1650,0,0,0,0,250,0,0,567.5,0,0,0,0,0,0,0,0,0,0,0,0,0,0,0,0,-2000,0,0,0,0,0,0,0,0,0,0,0,0,0,-500,0,0,0,0,0,0,0,0,0,0
2026-01-14,1,0,0,0,70,0,0,1750,-800,0,-250,-512.5,0,0,0,0,0,-1380,0,0,0,0,-250,0,0,272.5,0,0,0,0,0,0,0,0,0,0,0,0,0,0,0,0,1600,0,0,0,0,0,0,0,0,0,0,-500,0,0,0,0,0,0,0,0,0,0,0,0,0
2026-01-15,1,0,0,0,-1477.5,0,0,750,-295,0,2217.5,2202.5,0,0,0,0,0,-992.5,0,0,0,0,-1500,0,0,-1000,0,0,0,0,0,0,0,0,0,0,0,0,0,0,0,0,0,0,0,0,0,0,0,0,0,0,0,405,0,0,-72.5,0,0,0,0,0,0,0,0,0,0
2026-01-16,1,0,237.5,0,700,547.5,0,-2500,0,80,-515,1907.5,0,0,0,0,0,-80,0,0,0,0,0,0,0,597.5,0,0,0,0,0,0,0,0,0,0,0,0,250,0,0,0,0,0,0,0,0,0,0,0,0,0,0,-1000,0,0,0,0,0,0,0,0,0,0,0,0,0
2026-01-17,1,0,0,0,812.5,0,0,0,0,0,2955,-3000,0,0,0,0,0,-1232.5,0,145,0,0,0,0,0,37.5,0,0,0,0,0,0,0,0,0,0,0,0,-1000,0,1987.5,0,0,0,0,0,0,0,0,0,0,0,0,-750,0,0,0,0,0,0,0,0,0,0,0,0,295
2026-01-18,1,0,0,0,0,0,0,250,0,0,697.5,1575,0,0,0,0,0,352.5,0,0,0,0,0,0,0,-1075,0,0,0,0,0,0,0,0,0,0,0,0,0,0,0,0,0,0,0,0,-1250,0,0,0,0,0,0,0,0,0,-500,0,0,0,0,0,0,0,0,0,0
2026-01-20,1,0,0,0,0,0,0,-2000,0,-750,752.5,0,0,0,0,0,-500,2125,0,0,0,0,55,0,0,75,0,0,0,0,0,0,0,0,0,0,0,0,0,0,0,0,0,0,0,0,242.5,0,0,0,0,0,0,0,0,0,0,0,0,0,0,0,0,0,0,0,0
2026-01-21,1,0,-130,0,0,0,0,-750,62.5,0,985,0,0,0,0,0,0,935,-500,0,0,0,-1125,0,0,952.5,0,0,0,0,0,0,0,0,0,0,0,0,0,0,0,0,0,0,0,0,-430,0,0,0,0,0,0,0,0,0,0,0,0,0,0,0,0,0,0,0,0
2026-01-22,1,0,70,0,0,225,0,-350,0,-40,-1407.5,-337.5,0,0,0,0,0,-1250,-500,0,0,0,0,0,0,3362.5,0,0,0,0,0,0,0,0,0,0,0,0,0,0,0,0,0,0,0,0,227.5,0,0,0,0,0,0,0,0,0,0,0,0,0,0,0,0,0,0,0,0
2026-01-23,1,0,0,0,0,0,0,3140,0,0,-1862.5,-485,0,682.5,0,0,0,-250,0,0,0,0,0,0,0,-1750,0,0,0,0,0,0,0,0,850,0,0,0,0,0,2750,0,295,0,0,0,0,0,0,0,0,0,0,0,0,0,130,0,0,0,0,0,0,0,0,0,-3500
2026-01-24,1,0,415,0,0,0,0,-2000,0,0,2847.5,162.5,0,0,0,0,0,-392.5,0,0,0,0,-1250,0,0,267.5,0,0,0,0,0,0,0,0,0,0,0,0,100,0,0,0,0,0,0,0,0,0,0,0,-25,0,0,0,0,0,-125,0,0,0,0,0,0,0,0,0,0
2026-01-25,1,0,0,0,0,0,0,-1782.5,0,0,-2122.5,-125,0,0,0,0,0,3255,0,0,-427.5,0,0,0,0,1862.5,0,0,0,0,0,0,0,0,0,0,0,0,752.5,0,0,0,0,0,0,0,0,0,0,0,0,0,0,0,0,0,0,337.5,0,0,0,0,0,-250,0,0,-1500
2026-01-26,1,0,0,0,0,0,0,-960,0,0,-357.5,4385,0,0,0,0,0,-500,0,0,0,0,0,0,0,-400,0,0,0,0,0,0,0,0,-567.5,0,0,0,-600,0,-1000,0,0,0,0,0,0,0,0,0,0,0,0,0,0,0,0,0,0,0,0,0,0,0,0,0,0
2026-01-27,1,0,0,0,0,0,0,-1000,0,0,-297.5,2325,0,0,0,0,0,-1750,0,0,0,0,0,0,0,0,0,0,0,0,0,0,0,0,2062.5,0,0,0,0,0,360,0,-250,0,0,0,-750,0,0,0,0,0,0,0,-500,0,-200,0,0,0,0,0,0,0,0,0,0
2026-01-28,1,0,0,0,0,0,0,255,-637.5,0,-62.5,212.5,0,0,0,0,0,-555,0,0,0,0,0,0,0,-322.5,0,0,0,0,0,0,0,0,750,0,0,0,362.5,0,-80,0,0,0,0,0,0,0,0,0,0,0,0,0,0,0,0,0,0,0,0,0,0,0,0,0,0
2026-01-29,1,0,0,0,0,0,0,1602.5,0,0,-17.5,-580,0,0,0,0,0,-762.5,0,0,0,0,0,0,0,-250,0,0,0,0,0,0,0,0,0,0,0,0,0,0,0,0,0,0,0,0,0,0,0,0,0,0,0,0,0,0,0,0,0,0,0,0,0,0,0,0,0
2026-01-30,1,0,0,0,0,0,0,792,0,0,1692,-1162,0,0,0,0,0,-1000,0,0,0,0,0,0,0,62,0,0,0,0,0,0,0,0,217,0,0,0,0,0,-1387,0,1607,0,0,0,-872,0,0,0,0,0,0,0,0,0,500,0,0,0,0,0,0,0,0,0,0
2026-01-31,1,0,-1000,0,0,0,0,1000,0,0,1465,400,0,0,0,0,-67,0,0,0,0,0,0,0,0,1687,0,0,0,0,0,0,0,0,-2750,0,0,-750,0,0,0,0,0,0,0,0,0,0,0,0,0,0,0,0,0,0,17,0,0,0,0,0,0,0,0,0,0
2026-02-01,1,-1500,62,0,0,0,0,-397,0,0,-1607,962,0,-500,0,0,0,0,0,0,0,0,0,0,0,0,0,0,0,0,0,0,0,0,-1500,0,0,0,0,0,782,0,0,0,0,0,0,0,0,0,0,0,0,0,0,0,1712,0,0,0,0,0,0,0,0,0,1985
2026-02-02,1,0,0,0,0,0,0,2475,1880,0,705,550,0,0,0,-1250,0,0,0,0,0,0,0,0,0,-210,0,0,0,0,0,0,0,0,0,0,0,0,0,0,0,0,0,0,0,0,-150,0,0,0,0,0,0,0,0,0,-1500,0,0,0,0,0,0,0,0,0,-2500
2026-02-03,1,0,-165,0,0,0,0,-750,0,3255,1505,700,0,0,0,-500,0,0,0,0,0,0,0,0,0,-760,0,0,0,0,0,0,0,0,-250,0,0,0,0,0,215,0,-1250,0,0,0,0,0,0,0,0,0,0,0,0,0,0,0,0,0,0,0,0,0,0,0,-2000
2026-02-04,1,0,0,292.5,0,0,0,0,0,-1205,2305,-1140,0,0,0,-897.5,0,0,0,0,0,0,0,0,0,1652.5,0,0,0,0,0,0,0,0,0,0,0,0,1000,0,0,0,-1257.5,-500,0,0,0,0,0,0,0,0,0,0,0,0,0,0,0,0,0,0,0,0,0,0,-250
2026-02-05,1,0,0,0,0,0,0,-192.5,0,0,2275,-552.5,0,0,0,0,0,0,0,0,0,0,0,0,0,860,0,0,0,0,0,0,0,0,0,0,0,0,0,0,-1000,0,0,0,0,0,10,0,0,0,0,0,0,0,0,0,-2000,0,0,0,0,0,0,0,0,0,600
2026-02-06,1,0,0,0,0,0,0,0,0,0,17.5,-297.5,0,0,0,0,-117.5,0,0,0,0,0,0,0,0,-750,0,0,0,0,0,0,0,0,0,0,0,0,0,0,0,0,1147.5,500,0,0,0,-250,0,0,0,0,0,0,0,0,0,0,0,0,0,0,0,0,0,0,-250
2026-02-07,1,0,0,0,0,0,0,-1425,0,2167.5,-2372.5,1617.5,0,0,0,0,0,0,0,0,0,0,-500,0,0,-1847.5,0,0,0,0,0,0,0,0,0,0,0,0,0,0,182.5,0,727.5,0,1200,0,0,0,0,0,0,0,0,0,0,0,0,0,0,0,0,0,0,0,0,0,250
2026-02-08,1,0,0,0,0,0,0,50,0,-1300,-2000,-1475,0,0,0,0,0,0,0,0,0,0,1500,0,0,-517.5,0,0,0,0,0,0,0,0,5465,-250,0,-250,0,0,-3250,0,722.5,0,0,0,0,0,0,0,0,0,0,0,0,0,0,0,0,0,0,0,0,0,0,0,1305
2026-02-09,1,0,0,0,0,0,0,-900,375,0,-1500,-1592.5,0,0,0,-500,0,-250,0,0,0,0,-1275,0,0,0,0,0,0,0,0,0,0,0,-500,0,0,0,-140,0,3042.5,0,0,0,0,0,2165,0,0,0,0,0,0,0,0,0,0,0,-500,0,0,0,0,0,0,0,1575
2026-02-11,1,0,0,0,0,0,0,2795,-750,0,0,3250,0,0,0,375,0,-745,0,0,0,0,0,0,0,0,0,0,0,0,0,0,0,0,-1500,0,0,0,-1325,0,-750,0,-350,0,0,0,-500,0,0,0,0,0,0,0,0,0,0,0,0,0,0,0,0,0,0,0,-500
2026-02-12,1,0,0,0,0,0,0,-4000,0,470,-370,3290,0,0,0,2350,0,-1805,0,0,0,0,-1500,0,0,0,0,0,0,0,0,0,0,0,-2000,0,0,0,-500,0,1680,0,0,0,0,0,0,0,0,0,0,0,0,0,0,0,2675,0,0,0,0,0,0,0,0,0,-290
2026-02-13,1,0,0,0,0,0,0,1377.5,0,0,1707.5,-710,0,0,0,0,0,-315,0,0,0,0,0,0,0,-1250,0,0,0,0,0,0,0,0,-1750,0,0,0,0,0,-860,0,1500,0,0,0,0,0,0,0,0,0,0,0,0,0,-1050,0,0,0,0,0,0,0,0,0,1350
2026-02-14,1,0,-12.5,0,0,0,0,4437.5,0,0,2250,-917.5,0,0,0,0,0,-4000,0,0,0,0,-1000,0,0,-610,0,0,0,0,0,0,0,0,10,0,0,0,0,0,-157.5,0,0,0,0,0,0,0,0,0,0,0,0,0,0,0,0,0,250,0,0,0,0,0,0,0,-250
2026-02-15,1,0,25,0,0,0,0,1000,0,-872.5,-557.5,812.5,0,0,0,0,0,932.5,0,0,0,0,-500,0,0,0,0,0,0,0,0,0,0,0,0,0,0,0,0,0,-1000,0,0,0,0,0,0,0,0,0,0,0,0,0,0,0,0,0,0,0,0,0,0,0,0,0,160
2026-02-16,1,0,0,0,0,0,0,180,-750,0,-250,-450,0,0,0,-2000,0,970,0,0,0,0,0,0,0,0,0,0,0,0,0,0,0,0,0,0,0,0,0,0,1270,0,-330,0,0,0,0,0,0,0,0,0,0,0,0,0,0,0,0,0,0,0,0,0,0,0,1360
2026-02-17,1,0,0,0,0,0,0,500,0,0,297.5,695,0,0,0,0,0,-2000,0,0,0,0,0,0,0,0,0,0,0,0,0,0,0,332.5,0,0,0,0,0,0,0,0,425,0,0,0,0,0,0,0,0,0,0,0,0,0,0,0,0,0,0,0,0,0,0,0,-250
2026-02-18,1,0,0,0,0,0,0,3212.5,0,-85,-2447.5,-145,0,0,0,0,0,-2862.5,0,0,0,0,0,0,0,1380,0,0,0,0,0,0,0,-500,0,0,0,0,0,0,-1000,0,0,0,0,0,0,0,0,0,0,0,0,0,0,0,0,0,0,0,0,0,0,0,0,0,2447.5
2026-02-19,1,0,-125,0,0,0,0,-1250,0,0,-500,1342.5,0,0,0,0,0,-562.5,0,0,0,0,0,0,0,0,0,0,0,0,0,0,0,105,0,0,0,0,0,0,0,0,545,0,0,0,0,0,0,0,0,0,0,0,0,0,0,0,-125,0,0,0,0,0,0,0,570
2026-02-20,1,0,0,0,0,0,0,755,0,0,420,-250,0,0,0,0,0,-425,0,0,0,0,0,0,0,0,0,0,0,0,0,0,0,0,0,0,0,0,0,0,0,0,0,0,0,0,0,0,0,0,0,0,0,0,0,0,0,0,0,0,0,0,0,0,0,0,-500
2026-02-21,1,0,0,0,0,0,0,1750,0,0,1300,-1085,0,0,0,0,0,-1000,0,0,0,0,-1000,0,0,0,0,0,0,0,0,0,0,100,0,0,0,0,0,0,0,0,0,0,-1500,0,0,0,0,0,0,0,0,0,0,0,0,0,0,0,0,0,0,0,0,0,1435
2026-02-22,1,0,0,0,0,0,0,-440,0,0,0,-2950,0,0,0,0,0,5435,0,0,0,0,3050,0,0,0,2050,0,0,0,0,0,0,5,0,0,0,0,0,0,-4500,0,3350,0,0,0,0,0,0,0,0,0,0,0,0,0,0,0,0,0,0,0,0,0,0,0,-6000
2026-02-23,1,0,0,0,0,0,0,3802.5,750,0,0,437.5,0,0,0,-612.5,0,-2002.5,0,0,0,0,0,0,0,0,0,0,0,0,0,0,0,0,-1000,0,0,0,0,0,-642.5,0,-2375,0,0,0,0,0,0,0,-1477.5,0,0,0,0,0,0,0,0,0,0,0,0,0,0,0,3120
2026-02-24,1,0,100,0,0,0,0,3190,0,0,1550,125,0,0,0,0,0,-955,0,0,-500,0,0,0,0,0,0,0,0,0,0,0,0,2.5,-500,0,0,0,0,0,0,0,0,0,0,0,0,0,0,0,0,0,0,0,0,0,0,0,-12.5,0,0,0,0,0,0,0,-3000
2026-02-25,1,0,0,0,0,0,0,-550,0,0,-112.5,-970,0,0,0,0,0,0,0,0,0,0,0,0,0,0,0,0,0,0,0,0,0,0,0,0,0,0,0,0,0,0,0,0,0,0,0,0,0,0,0,0,0,0,0,0,0,0,0,0,0,0,0,0,0,0,1632.5
2026-02-26,1,0,-500,0,0,0,0,2450,0,0,2655,0,0,0,0,0,0,1865,0,0,0,0,500,0,0,-895,0,0,0,0,0,0,0,0,-2000,0,0,0,0,0,0,0,-6500,0,0,0,0,0,0,0,0,0,0,0,0,0,-1000,0,0,0,0,0,0,0,0,0,3425
2026-02-27,1,0,60,0,0,0,0,-2500,0,0,840,0,0,0,0,0,0,3162.5,0,0,0,0,1250,0,0,537.5,0,0,0,0,0,0,0,0,0,0,0,0,0,0,-350,0,0,0,0,0,0,0,0,0,0,0,0,0,0,0,-2000,0,0,0,0,0,0,0,0,0,-1000
2026-02-28,1,0,100,0,0,0,0,4080,0,0,372.5,0,0,0,0,-4195,0,-3597.5,0,0,0,0,-1500,0,0,1255,0,0,0,0,0,0,0,0,0,0,0,0,0,0,-397.5,0,1600,0,3782.5,0,0,0,0,0,0,0,0,0,0,0,-1500,0,0,0,0,0,0,0,0,0,0
2026-03-01,1,0,-50,0,0,0,0,647.5,-250,0,500,0,0,0,0,-1500,0,-970,0,0,0,0,2300,0,0,-125,0,0,0,0,0,0,0,0,0,0,0,0,0,0,-7.5,0,-1100,0,0,0,0,0,0,0,0,0,0,0,0,0,555,0,0,0,0,0,0,0,0,0,0
2026-03-02,1,0,755,0,0,0,0,-500,0,0,1130,0,0,0,0,0,0,-1300,0,0,-162.5,0,50,0,0,75,0,0,0,0,0,0,0,0,-1260,0,0,0,0,0,412.5,0,0,0,0,0,0,0,0,0,0,0,0,0,0,0,0,0,0,0,0,0,0,0,0,0,800
2026-03-03,1,0,20,0,0,0,0,-1000,0,2487.5,255,0,0,0,0,0,0,-2357.5,0,0,0,0,702.5,0,0,1642.5,0,0,0,0,0,0,0,0,0,0,0,0,0,0,0,0,1500,0,0,0,0,0,0,0,0,0,0,0,0,0,-250,0,0,0,0,0,0,0,0,0,-3000
2026-03-04,1,0,267.5,0,0,0,0,-1500,0,0,1047.5,0,0,-807.5,0,300,0,1015,0,0,-500,0,690,0,0,805,0,0,0,0,0,0,0,0,-317.5,0,0,0,0,0,0,0,0,0,0,0,0,0,0,0,0,0,0,0,0,0,2000,0,0,0,0,0,0,0,0,0,-3000
2026-03-05,1,0,600,0,0,0,0,-500,0,0,-695,0,0,0,0,-2000,0,2082.5,0,0,0,0,0,0,0,-225,0,0,0,0,0,0,0,0,0,0,0,0,0,0,572.5,0,0,0,112.5,0,0,0,0,0,0,0,0,0,0,0,-217.5,0,0,0,0,0,0,0,0,0,270
2026-03-06,1,0,490,0,0,0,0,-500,0,-907.5,987.5,0,0,0,0,0,0,-525,0,0,0,0,0,0,0,2245,0,0,0,0,0,0,0,0,0,0,0,0,0,0,-155,0,-2372.5,0,0,0,0,0,0,0,0,0,0,0,0,0,0,0,0,0,0,0,0,0,0,0,737.5
2026-03-07,1,0,-490,0,0,0,0,3152.5,0,-872.5,2025,0,0,0,0,0,0,575,0,0,0,0,0,0,0,2650,0,0,0,0,0,0,0,0,0,0,0,0,0,0,0,0,-2000,0,-3000,0,0,0,0,0,0,0,0,0,0,0,0,0,0,0,0,0,0,0,0,0,-2040
2026-03-08,1,0,145,0,0,0,0,-3000,0,0,2800,0,0,0,0,0,0,825,0,0,625,0,0,0,0,425,0,0,0,0,0,0,0,0,-260,0,0,0,0,0,-250,0,0,0,0,0,0,0,152.5,0,0,0,0,0,0,0,0,0,37.5,0,0,0,0,0,0,0,-1500
2026-03-09,1,0,152.5,0,0,0,0,922.5,0,0,657.5,0,0,0,0,0,0,-1500,0,0,-500,0,0,0,0,1767.5,0,0,0,0,0,0,0,0,0,0,0,0,0,0,0,0,0,0,0,0,0,0,0,0,0,0,0,0,0,0,0,0,0,0,0,0,0,0,0,0,-1500
2026-03-10,1,0,-15,0,0,0,0,1790,0,635,825,0,0,0,0,0,0,-1500,0,0,0,0,-1000,0,0,1265,0,0,0,0,0,0,0,0,0,0,0,0,0,0,0,0,0,0,0,0,0,0,0,0,0,0,0,0,0,0,0,0,0,0,0,0,0,0,0,0,-2000
2026-03-11,1,0,-355,0,0,0,0,0,0,0,1810,0,0,0,0,0,0,-1312.5,0,0,0,0,-2000,0,0,5,0,0,0,0,0,0,0,0,-1195,0,0,0,0,0,0,0,0,0,0,0,0,0,0,0,0,0,0,0,0,0,-2000,0,0,0,0,0,0,0,0,0,5047.5
2026-03-12,1,0,325,0,0,0,0,0,0,-1162.5,4662.5,0,0,0,0,0,0,-1000,0,0,0,0,-1500,0,0,-125,0,0,0,0,0,0,0,0,0,0,0,0,0,0,0,0,1462.5,0,0,0,0,0,0,0,0,0,0,0,0,0,0,0,-162.5,0,0,0,0,0,0,0,-2500
2026-03-13,1,0,485,0,0,0,0,0,0,0,1657.5,3635,0,0,0,0,0,-2000,0,0,0,0,0,0,0,960,0,0,0,0,0,0,0,0,0,0,0,0,0,0,0,0,262.5,0,0,0,0,0,0,0,0,0,0,0,0,0,-1500,0,-500,0,0,0,0,0,0,0,-3000
2026-03-14,1,0,40,0,0,0,0,0,0,1145,-85,60,0,0,0,0,0,-3000,0,0,0,0,0,0,0,3595,0,0,0,0,0,0,0,0,0,0,-2000,0,0,0,0,0,730,0,0,0,0,0,0,0,0,0,0,0,0,0,2015,0,0,0,0,0,0,0,0,0,-2500
2026-03-15,1,0,-697.5,0,0,0,0,-2000,0,0,-1075,475,0,0,0,-2000,0,2732.5,0,0,237.5,0,-250,0,0,3750,0,0,0,0,0,0,0,0,1460,0,0,0,0,0,0,0,0,0,-132.5,0,0,0,0,0,0,0,0,0,0,0,-2000,0,0,0,0,0,0,0,0,0,-500
2026-03-16,1,0,-500,0,0,0,0,0,0,0,5660,0,0,0,0,0,0,-2510,0,0,-1330,0,0,0,0,-260,0,0,0,0,0,0,0,0,0,0,0,0,0,0,0,0,0,0,0,0,0,0,0,0,0,0,0,0,0,0,0,0,-60,0,0,0,0,0,0,0,-1000
2026-03-17,1,0,500,0,0,0,0,2150,0,0,1015,-992.5,0,0,0,0,0,215,0,0,0,0,-500,0,0,110,0,0,0,0,0,0,0,0,0,0,0,0,0,0,0,0,0,0,0,0,0,0,0,0,0,0,0,0,0,0,0,0,-1497.5,0,0,0,0,0,0,0,-1000
2026-03-18,1,0,50,0,0,0,0,-510,0,0,-2075,4547.5,0,0,0,0,0,-487.5,0,0,0,0,-825,0,0,300,0,0,0,0,0,0,0,0,0,0,0,0,0,0,0,0,0,0,0,0,0,0,0,0,0,0,0,0,0,0,0,0,0,0,0,0,0,0,0,0,-1000
2026-03-19,1,0,-2.5,0,0,0,0,-4000,0,0,1990,-1000,0,0,0,0,0,-1322.5,0,0,0,0,425,0,0,452.5,0,0,0,0,0,0,0,0,0,0,0,0,0,0,-392.5,0,0,0,0,0,0,0,0,0,475,0,0,0,0,0,-200,0,0,0,0,0,0,0,0,0,3575
2026-03-20,1,0,0,0,0,0,0,170,0,0,-500,827.5,0,0,0,0,0,-645,0,0,0,0,-2000,0,0,467.5,0,0,0,0,0,0,0,0,0,0,0,0,0,0,-500,0,-967.5,0,0,0,0,0,0,0,0,0,0,0,0,0,0,0,0,0,0,0,0,0,0,0,3147.5
2026-03-21,1,0,0,0,0,0,0,-560,0,-2300,-2000,1272.5,0,0,0,0,0,2375,0,0,0,0,-500,0,0,2707.5,0,0,0,0,0,0,0,162.5,0,0,0,0,0,0,0,0,0,0,1812.5,0,0,0,0,0,0,0,0,0,0,0,0,0,-470,0,0,0,0,0,0,0,-2500
2026-03-22,1,0,0,0,0,0,-1302.5,-437.5,0,0,4835,1567.5,0,0,2312.5,0,0,650,0,-2000,0,0,0,0,0,-1500,0,0,0,0,0,0,0,0,0,0,0,0,0,0,-1500,0,-125,0,0,0,0,0,0,0,0,0,0,0,0,0,0,0,0,0,0,0,0,0,0,0,-2500
2026-03-23,1,0,0,0,0,0,297.5,0,0,0,1452.5,1425,0,0,0,0,0,1200,0,0,0,0,-1000,0,0,-1500,0,0,0,0,0,0,0,0,0,0,0,0,0,0,-3000,0,0,0,0,0,0,0,0,0,0,0,0,0,0,0,0,0,0,0,0,0,0,0,0,0,1125
2026-03-24,1,0,0,0,0,0,0,-42.5,0,0,-500,505,0,0,0,0,0,-1000,0,0,0,0,0,0,0,-470,0,0,0,0,0,0,0,0,0,0,0,0,0,0,0,0,0,0,0,0,0,0,0,0,0,0,0,0,0,0,0,0,0,0,0,0,0,0,0,0,1507.5
2026-03-25,1,0,0,0,0,0,1467.5,-2500,0,0,-607.5,2330,0,0,0,0,0,4002.5,0,0,0,0,-1995,0,0,-697.5,0,0,0,0,0,0,0,0,0,0,0,0,0,0,0,0,0,0,0,0,0,0,0,0,0,0,0,0,0,0,0,0,0,0,0,0,0,0,0,0,-2000
2026-03-26,1,0,0,0,-1407.5,0,0,2352.5,0,0,-1500,4262.5,0,0,0,0,0,2065,0,0,0,0,-1000,0,0,510,0,0,0,0,0,0,0,0,1110,0,-1617.5,0,0,0,-1500,0,-1500,0,0,0,0,0,0,0,0,0,0,0,0,0,0,0,-275,0,0,0,0,0,0,0,-1500
2026-03-27,1,0,0,0,580,0,0,1452.5,0,0,-377.5,45,0,0,0,0,0,812.5,0,0,0,0,0,0,0,1737.5,0,0,0,0,0,0,0,0,0,0,0,0,0,0,-1500,0,-2000,0,0,0,0,0,0,0,0,0,0,0,0,0,1750,0,0,0,0,0,0,0,0,0,-2500
2026-03-28,1,0,0,0,0,0,0,0,0,0,147.5,325,0,0,0,0,0,2.5,0,0,0,0,0,0,0,0,0,0,0,0,0,0,0,0,0,0,0,0,0,0,0,0,0,0,0,0,0,0,0,0,0,0,0,0,0,0,525,0,0,0,0,0,0,0,0,0,-1000
2026-03-29,1,0,0,0,0,0,0,-80,0,607.5,3877.5,80,0,0,0,0,0,-1000,0,0,0,0,250,0,0,2125,0,0,0,0,0,0,0,0,0,0,0,0,0,0,0,0,0,0,1390,0,0,0,0,0,-2000,0,0,0,0,0,-3500,0,250,0,0,0,0,0,0,0,-2000
2026-03-30,1,0,0,0,-1610,0,-3332.5,3115,0,0,-2500,-1670,0,0,0,-1000,0,-500,0,0,0,0,0,0,0,642.5,0,0,0,0,0,0,0,0,7250,0,0,0,0,0,-1500,0,0,0,0,0,0,0,0,0,1187.5,0,0,0,0,0,-125,0,-1025,0,0,0,0,0,0,0,1067.5
2026-03-31,1,0,0,0,317.5,0,0,480,0,0,-2385,3992.5,0,0,0,-1000,0,-2242.5,0,0,0,0,0,0,0,495,0,0,0,0,0,0,0,0,-2500,0,0,0,0,0,-500,0,0,0,0,0,0,0,0,0,0,0,0,0,0,0,0,0,0,0,0,0,0,0,0,0,3342.5
2026-04-01,1,0,0,0,1877.5,0,0,-1500,0,0,2200,-3177.5,0,0,0,1092.5,0,-992.5,0,0,0,0,0,0,0,-1750,0,-1000,0,0,0,0,0,0,0,0,0,0,0,0,0,0,0,0,0,0,0,0,0,0,0,0,0,0,0,0,3250,0,0,0,0,0,0,0,0,0,0
2026-04-02,1,0,0,0,-10250,0,0,0,0,0,6982.5,6687.5,0,0,0,-1500,0,-2000,0,0,0,0,0,0,0,2080,0,0,0,0,0,0,0,0,0,0,0,0,0,0,0,0,0,0,0,0,0,0,0,0,0,0,0,0,0,0,0,0,-3525,0,0,0,0,0,0,0,1525
2026-04-03,1,0,0,0,0,0,0,60,0,0,355,-1380,0,0,0,0,0,-860,0,0,0,0,0,0,0,2825,0,0,0,0,0,0,0,0,0,0,0,0,0,0,0,0,0,0,0,0,0,0,0,0,0,0,0,0,0,0,-2500,0,0,0,0,0,0,0,0,0,1500
2026-04-04,1,0,0,0,0,0,0,887.5,0,-2000,-2220,3062.5,0,0,0,1012.5,0,940,0,0,0,0,0,0,0,572.5,0,0,0,0,0,0,0,0,0,0,-500,0,0,0,0,0,0,0,-1000,0,0,0,0,0,0,0,0,0,0,0,-2457.5,0,0,0,0,0,0,0,0,0,1702.5
2026-04-05,1,0,0,0,-475,3007.5,0,-1000,0,0,-2267.5,4000,0,0,0,-1155,0,7.5,0,0,-1925,0,0,0,0,37.5,0,0,0,0,0,-500,0,0,625,0,0,0,0,0,0,0,0,0,0,0,0,0,0,0,-150,0,0,0,0,0,-485,1245,-465,0,0,0,0,0,0,0,-500
2026-04-06,1,0,0,0,0,-2500,0,6930,0,0,-922.5,992.5,0,0,0,0,0,0,0,0,0,0,0,0,0,0,0,0,0,0,0,0,0,0,0,0,-2000,0,0,0,-500,0,0,0,0,0,0,0,0,0,-1500,0,0,0,0,0,0,0,0,0,0,0,0,0,0,0,-500
2026-04-07,1,0,657.5,0,-1000,0,0,-387.5,0,0,-190,1565,0,0,0,0,0,2855,0,0,0,0,0,0,0,-2000,0,0,0,0,0,0,0,0,0,0,0,0,0,0,0,0,0,0,0,0,0,0,0,0,0,0,0,0,0,0,0,0,0,0,0,0,0,0,0,0,-1500
2026-04-08,1,0,-112.5,0,0,0,0,-1000,0,0,-990,4980,0,0,0,150,0,-1000,0,0,0,0,0,0,0,0,0,0,0,0,0,0,0,167.5,0,0,0,0,0,0,0,0,30,0,0,0,0,0,0,0,0,0,0,0,0,0,0,0,0,0,0,0,0,0,0,0,-2225
2026-04-09,1,0,50,0,0,0,0,0,0,0,1057.5,-345,0,0,0,745,0,-560,0,0,0,0,0,0,0,167.5,0,0,0,0,0,0,0,0,0,0,-1165,0,0,0,0,0,-3000,0,0,0,0,0,0,0,0,0,0,0,0,0,0,0,0,0,0,0,0,0,0,0,3050
2026-04-10,1,0,352.5,0,-690,0,1650,-1500,0,0,1735,-1500,0,0,0,-2000,0,2980,0,0,0,0,0,0,0,562.5,0,0,0,0,0,0,0,0,0,0,0,0,0,0,0,0,2050,0,0,0,0,0,0,0,0,0,0,0,0,0,-1000,0,-1640,0,0,0,0,0,0,0,-1000
2026-04-11,1,0,135,0,2377.5,0,0,0,0,0,15,3630,0,0,0,0,0,-2000,0,0,0,0,0,0,0,757.5,0,0,0,0,0,0,0,0,0,0,0,0,0,0,0,0,-1000,0,0,0,0,0,0,0,0,0,0,-2415,0,0,0,0,-500,0,0,0,0,0,0,0,-1000
2026-04-12,1,0,1267.5,0,0,0,0,-3500,0,0,4662.5,-5500,0,0,0,870,0,-2000,0,0,0,0,0,0,0,2000,0,0,-1000,0,0,0,0,0,-2500,0,2135,0,0,0,0,0,0,0,0,0,0,0,0,0,0,0,0,0,0,0,3565,0,0,0,0,0,0,0,0,0,0
2026-04-13,1,0,-250,0,0,0,0,695,0,0,1180,-2132.5,0,0,0,-1422.5,0,350,0,0,0,0,0,0,0,0,0,0,0,0,0,0,0,0,0,0,1052.5,0,0,0,0,0,0,0,527.5,0,0,0,0,0,0,0,0,0,0,0,0,0,0,0,0,0,0,0,0,0,0
2026-04-14,1,0,102.5,0,0,0,0,-1085,0,0,-2240,390,0,0,0,1515,-500,837.5,0,0,0,0,0,0,0,0,0,0,0,0,0,0,0,0,0,0,0,0,0,0,0,0,3482.5,0,0,0,0,0,0,0,0,0,0,0,0,0,-1500,0,-502.5,0,0,0,0,0,0,0,-500
2026-04-15,1,0,437.5,0,640,0,0,927.5,0,0,-2100,-1420,0,0,0,-550,0,-2712.5,0,0,0,0,0,0,0,2000,0,0,0,0,0,0,0,0,0,0,0,0,0,0,0,0,-235,0,0,0,0,0,0,-687.5,0,0,0,0,0,0,2425,0,0,0,0,0,0,0,0,0,1275
2026-04-16,1,-1500,-165,0,505,0,0,825,0,0,-852.5,-607.5,0,0,0,-2000,0,3517.5,0,0,0,0,0,970,0,822.5,0,0,0,0,0,0,-500,0,0,0,0,0,0,0,-1000,0,-350,0,20,0,0,0,0,0,0,-1500,0,0,0,0,-340,0,-130,0,0,0,0,0,0,0,2285
2026-04-17,1,0,-447.5,0,0,0,0,2250,0,0,-2332.5,6232.5,0,0,0,-1500,0,-500,0,0,0,0,0,-560,0,2157.5,0,0,0,0,0,0,0,0,0,0,-2500,0,0,0,0,0,0,0,0,0,0,0,0,0,0,0,0,0,0,0,-3000,0,0,0,0,0,0,0,0,0,200
2026-04-19,1,0,422.5,0,0,0,0,0,0,0,775,-927.5,0,0,0,-2000,0,590,0,0,0,0,0,0,0,1772.5,0,0,0,0,0,0,0,0,0,0,0,0,0,0,0,0,0,0,-107.5,0,0,0,0,0,0,0,0,0,0,0,0,0,-25,0,0,0,0,0,0,0,-500
2026-04-20,1,0,-150,0,1600,0,0,400,0,0,2050,-3775,0,0,0,0,0,2.5,0,0,0,0,0,0,0,-1475,0,0,0,0,0,0,0,0,0,0,0,0,0,0,0,0,-822.5,0,1317.5,0,0,0,0,0,0,0,0,0,0,0,0,0,217.5,0,0,0,0,0,0,0,635
2026-04-21,1,0,425,0,-330,0,4850,-1500,0,0,-6305,-3370,0,0,0,0,0,3512.5,0,0,0,0,0,0,0,0,0,0,0,0,0,0,0,0,0,0,0,0,0,0,0,0,0,0,-1450,0,0,0,0,0,0,0,0,0,0,0,-1000,0,-600,0,0,0,0,0,0,0,5767.5
2026-04-23,1,0,555,0,625,0,0,0,0,0,4412.5,-9000,0,0,0,0,0,0,0,0,0,-500,0,0,0,2145,0,0,0,0,0,0,0,0,0,0,0,0,0,0,0,0,-1500,0,0,0,0,0,0,0,0,0,0,0,0,0,0,0,-487.5,0,0,0,0,0,0,0,3750
2026-04-25,1,0,-75,0,0,0,0,0,0,0,-500,-3192.5,0,0,0,0,0,-205,0,0,0,5047.5,0,0,0,-1000,0,0,0,0,-500,0,0,0,0,0,0,0,0,0,0,0,0,0,1925,0,0,0,0,0,0,0,0,0,0,0,0,0,0,0,0,-1000,0,0,0,0,-500
2026-04-27,1,0,-140,0,0,0,0,0,0,0,8225,-4497.5,0,0,0,0,0,-8500,0,0,0,0,0,0,0,1612.5,0,0,0,0,0,0,0,0,4177.5,0,-1655,0,0,0,0,0,902.5,0,-500,0,0,0,0,0,0,0,0,0,0,0,3875,0,0,0,0,0,0,0,0,0,-3500
2026-04-28,1,0,330,0,0,0,0,0,0,0,40,4030,0,0,0,0,0,-3057.5,0,0,0,0,0,0,0,1157.5,0,0,0,0,0,0,0,0,0,0,0,0,0,0,0,0,0,0,0,0,0,0,0,0,0,0,0,0,0,0,0,0,0,0,0,0,0,0,0,0,-2500
2026-04-29,1,0,2247.5,0,0,0,0,0,0,0,-367.5,-2492.5,0,0,0,0,0,-3500,0,0,0,0,0,0,0,5425,0,0,0,0,0,0,0,0,4000,0,0,0,0,0,-500,0,187.5,0,0,0,0,0,0,0,0,0,0,0,0,0,-2500,0,0,0,0,0,0,0,0,0,-2500
2026-04-30,1,0,0,0,837.5,0,0,0,0,0,0,-1242.5,0,0,0,0,0,0,0,0,0,0,0,0,0,0,0,0,0,0,0,0,0,0,1760,0,0,0,0,0,0,0,0,0,0,0,0,0,0,0,0,0,0,145,0,0,0,0,0,0,0,0,0,0,0,0,-1500
2026-05-01,1,0,607.5,0,0,0,0,0,0,0,412.5,-3567.5,0,0,0,0,0,-1105,0,0,0,0,0,0,0,295,0,0,0,0,0,0,0,0,3947.5,0,0,0,0,0,0,0,0,0,0,0,0,0,0,0,0,0,0,0,0,0,-90,0,0,0,0,0,0,0,0,0,-500
2026-05-03,1,0,0,0,0,0,0,0,0,962.5,-1000,-562.5,0,0,0,0,0,-1625,0,0,0,0,0,0,0,862.5,0,0,0,0,0,0,0,0,4762.5,0,1002.5,0,0,0,0,0,0,0,0,0,0,0,-500,0,-500,0,0,0,0,0,-2402.5,0,0,0,0,0,0,0,0,0,-1000
2026-05-04,1,0,100,0,0,0,0,0,0,-1627.5,-2072.5,1500,0,0,0,0,0,2925,0,0,0,0,0,0,0,1162.5,0,0,0,0,0,0,0,0,0,0,0,0,0,0,0,0,0,0,0,0,0,0,0,0,0,0,0,0,0,0,0,0,-487.5,0,0,0,0,0,0,0,-1500
2026-05-05,1,0,-321.25,0,0,0,0,0,0,0,677.5,-1012.5,0,0,0,0,0,-750,0,0,0,0,0,0,0,2112.5,0,0,0,207.5,0,0,0,135,0,0,-733.75,0,0,0,0,0,0,0,0,0,0,-250,0,0,0,0,0,0,0,0,0,0,-65,0,0,0,0,0,0,0,0
2026-05-06,1,0,0,0,0,0,-1585,0,0,0,952.5,267.5,0,0,0,0,0,-170,0,0,0,0,0,0,0,535,0,0,0,0,0,0,0,0,0,0,0,0,0,0,0,0,0,0,0,0,0,0,0,0,0,0,0,0,0,0,0,0,0,0,0,0,0,0,0,0,0
2026-05-07,1,0,320,0,0,0,0,0,0,0,162.5,-2240,0,0,0,0,0,1757.5,0,0,0,0,0,0,0,0,0,0,0,0,0,0,0,0,0,0,0,0,0,0,0,0,0,0,0,0,0,0,0,0,0,0,0,0,0,0,0,0,0,0,0,0,0,0,0,0,0
2026-05-08,1,0,-490,0,0,0,0,0,0,0,4375,-4500,0,0,0,0,0,2500,0,0,0,0,0,0,0,0,0,0,0,-385,0,0,0,0,0,0,0,0,0,0,0,0,0,0,0,0,0,0,0,0,0,0,0,0,0,0,-1500,0,0,0,0,0,0,0,0,0,0
2026-05-09,1,0,0,0,0,0,0,0,0,3512.5,-3755,-1235,0,0,0,0,0,1460,0,0,0,3500,0,0,0,1475,0,1500,0,-915,0,0,0,20,0,0,0,0,0,-4000,0,0,0,0,0,0,0,0,0,0,0,0,0,0,0,0,387.5,0,0,0,0,0,0,0,550,0,-2500
2026-05-10,1,0,372.5,0,0,0,0,0,0,120,-1340,-1005,0,0,0,-142.5,0,-410,0,0,0,-4465,0,0,0,0,0,0,0,0,0,0,0,0,0,0,0,0,0,-1000,0,0,-325,0,-1430,0,0,0,0,0,0,0,0,0,0,-1000,0,0,0,0,0,0,0,0,0,0,10625
2026-05-11,1,0,-207.5,0,0,0,0,0,0,0,-212.5,-3000,0,1460,0,0,0,2575,0,0,0,0,0,0,0,0,0,0,0,-1000,0,0,0,0,0,0,1725,0,0,0,0,0,0,0,0,0,0,0,0,0,0,0,0,0,0,-715,-2500,0,0,0,0,0,0,0,0,0,1875
2026-05-12,1,0,0,0,0,0,0,0,0,0,125,-1505,0,0,0,172.5,0,0,0,0,0,0,0,0,0,0,0,0,0,0,0,0,0,0,0,0,0,0,0,0,0,0,0,0,0,0,0,0,0,0,0,0,0,0,0,757.5,0,0,0,0,0,0,0,0,0,0,450
2026-05-13,1,0,432.5,0,0,0,0,0,0,270,-1402.5,-1915,0,0,0,0,0,310,0,0,0,750,0,0,0,0,0,0,0,287.5,0,0,0,-500,0,0,0,0,0,-500,0,0,0,0,0,0,0,0,0,0,0,0,0,0,0,4590,450,0,-125,0,0,0,0,0,-2542.5,0,-105
2026-05-15,1,0,-170,0,0,0,0,-1000,0,0,4362.5,425,0,-1500,0,0,0,650,0,0,0,0,0,-1000,0,0,0,0,0,-30,0,0,0,0,0,0,0,0,0,0,0,0,0,0,0,0,0,0,0,0,0,0,-500,0,0,0,-1112.5,0,-125,0,0,0,0,0,0,0,0
2026-05-16,1,0,-100,0,0,0,0,4070,0,-2500,625,0,0,0,0,0,0,-5937.5,0,0,0,0,0,0,0,0,0,0,0,0,0,0,0,0,0,0,0,0,0,0,0,0,0,0,0,0,0,0,0,0,0,0,0,1065,0,-2000,4777.5,0,0,0,0,0,0,0,0,0,0
2026-05-18,1,0,512.5,0,0,0,0,0,0,0,-730,0,0,0,0,0,0,4355,0,0,0,0,0,-1032.5,0,0,0,0,0,0,0,0,0,0,0,0,0,0,0,0,0,0,0,0,-1000,0,0,0,0,0,0,0,0,375,0,-2000,-480,0,0,0,0,0,0,0,0,0,0
2026-05-19,1,0,0,0,0,0,0,-1500,0,0,-372.5,0,0,-1680,0,0,0,2367.5,0,0,0,0,0,600,0,0,0,0,0,0,0,0,0,0,0,0,0,0,0,0,0,0,-335,0,0,0,0,0,0,0,0,0,0,0,0,0,1047.5,0,-127.5,0,0,0,0,0,0,0,0
2026-05-20,1,0,0,0,0,0,0,0,0,0,4565,1920,0,-1650,0,0,0,-1000,0,0,0,0,0,165,0,0,0,0,0,0,0,0,0,0,0,0,0,0,0,0,0,0,0,0,0,0,0,0,0,0,0,0,0,0,0,-2000,-1000,0,0,0,0,0,0,0,0,0,-1000
2026-05-22,1,0,-1000,0,0,0,0,-207.5,0,0,-1500,-1852.5,0,-1402.5,0,0,0,5727.5,0,0,0,0,0,-500,0,0,0,500,0,67.5,0,0,0,0,0,0,0,0,0,0,0,0,0,0,50,0,0,0,0,0,0,0,0,0,0,-2000,-3500,0,-310,0,0,0,0,0,0,0,5927.5
2026-05-23,1,0,0,0,0,0,0,-2812.5,0,0,5647.5,2780,0,0,0,0,0,-3065,0,0,0,0,0,1830,0,0,0,0,0,-962.5,0,0,0,0,0,0,0,0,0,0,0,0,0,0,0,0,0,0,0,0,0,0,0,120,0,-3000,2962.5,0,0,0,0,0,0,0,0,0,-3500
2026-05-24,1,0,-530,0,0,0,0,0,0,0,165,-370,0,0,0,0,0,250,0,0,0,0,0,-1000,0,-842.5,0,0,0,2327.5,0,0,0,0,0,0,0,0,0,0,0,0,0,0,0,0,0,0,0,0,0,0,0,0,0,0,0,0,0,0,0,0,0,0,0,0,0
2026-05-25,1,0,0,0,0,0,0,260,0,0,-1000,-1285,0,1087.5,0,0,0,-1622.5,0,0,0,0,0,0,0,-642.5,0,0,0,4402.5,0,0,0,0,0,0,0,0,0,0,0,0,0,0,0,0,0,0,0,0,0,0,0,0,0,-3000,2300,0,0,0,0,0,0,0,0,0,-500
2026-05-27,1,0,0,0,0,0,-2615,-1500,0,-1470,4000,0,0,1347.5,0,0,0,0,0,0,0,0,0,0,0,0,0,0,0,875,0,0,0,0,0,0,0,0,0,0,0,0,2212.5,0,0,0,0,0,0,0,0,0,0,0,0,0,0,0,150,0,0,0,0,0,0,0,-3000
2026-05-28,1,0,32.5,0,0,0,0,0,0,0,85,0,0,647.5,0,0,0,0,0,0,0,0,0,0,0,1782.5,0,0,0,952.5,0,0,0,0,0,0,0,0,0,0,0,0,-2000,0,0,0,0,0,0,0,0,0,0,0,0,0,0,0,0,0,0,0,0,0,0,0,-1500
2026-05-30,1,0,0,0,0,0,-1542.5,1865,0,0,1657.5,0,0,330,0,0,0,0,0,0,0,0,0,-857.5,0,375,0,0,0,-1220,0,0,0,0,0,0,0,0,0,0,0,0,0,0,0,0,0,0,0,0,0,0,0,0,0,892.5,0,0,0,0,0,0,0,0,0,0,-1500
2026-06-04,1,0,0,0,0,0,-925,5087.5,0,0,-1017.5,0,0,0,0,0,0,0,0,0,0,0,217.5,0,0,1550,0,0,0,-2000,0,0,0,87.5,0,0,0,0,0,0,0,0,0,0,0,0,0,0,0,0,0,0,0,0,0,0,-2500,0,0,0,0,0,0,0,0,-500,0
2026-06-05,1,0,-500,0,0,0,0,-4000,0,0,-1000,0,0,0,0,0,0,0,0,0,0,0,0,0,0,-175,1740,0,0,4557.5,0,0,0,0,0,0,0,0,0,0,0,0,0,0,-75,0,0,0,0,0,0,0,0,0,0,0,-217.5,0,0,0,0,0,312.5,0,0,-642.5,0
2026-06-07,1,0,817.5,0,0,0,245,0,0,0,2127.5,0,0,-822.5,0,0,0,687.5,0,0,0,0,-3000,0,0,-267.5,5,0,0,207.5,0,0,0,0,0,0,0,0,0,0,0,0,0,0,0,0,0,0,0,0,0,0,0,0,0,0,0,0,0,0,0,0,0,0,0,0,0
2026-06-08,1,0,0,0,0,0,0,0,0,0,-2072.5,0,0,635,0,0,0,782.5,0,0,0,0,0,0,0,-3312.5,0,0,0,617.5,0,0,0,0,0,0,0,0,0,0,0,0,3275,0,0,0,0,0,0,0,0,0,0,0,0,0,75,0,0,0,0,0,0,0,0,0,0
2026-06-10,1,0,945,0,0,0,0,-500,0,0,637.5,0,0,-1737.5,0,0,0,2300,0,0,0,0,0,0,0,645,0,0,0,0,0,0,0,0,0,0,0,0,0,0,0,0,0,0,0,0,0,0,0,0,0,0,0,0,0,0,210,0,0,0,0,0,0,0,0,0,-2500
2026-06-12,1,0,112.5,0,0,0,0,-3000,0,0,-412.5,0,0,0,0,0,0,-465,0,0,0,0,0,1100,0,-1075,3450,0,0,0,0,0,0,0,0,0,0,0,0,0,0,0,-797.5,0,0,0,0,0,0,0,0,0,0,0,0,0,1087.5,0,0,0,0,0,0,0,0,0,0
2026-06-13,1,0,602.5,0,0,0,0,1000,0,0,2132.5,0,0,0,0,0,0,-2915,0,0,0,0,0,885,0,0,-1615,0,0,-500,0,0,0,0,0,0,0,0,0,0,0,0,0,0,0,0,0,0,0,0,410,0,0,0,0,0,0,0,0,0,0,0,0,0,0,0,0
2026-06-15,1,0,787.5,0,0,0,0,0,0,0,4920,-1232.5,0,-567.5,0,0,0,-1000,0,0,0,0,0,-500,0,-260,0,0,0,-500,0,0,0,0,0,0,0,0,0,0,407.5,0,0,0,0,0,0,0,0,0,1487.5,0,0,0,0,0,-592.5,0,-450,0,0,0,0,0,0,0,-2500
2026-06-16,1,0,0,0,0,0,0,2625,0,0,-2820,-4500,0,0,0,0,0,5850,0,0,0,0,0,1445,0,-1032.5,0,0,0,0,0,0,0,0,0,0,0,0,0,0,0,0,-5000,0,0,0,0,0,0,0,1057.5,0,0,0,0,0,2875,0,0,0,0,0,0,0,0,0,-500
2026-06-17,1,0,0,0,0,0,0,0,0,0,3555,-5150,0,-1000,0,0,0,470,0,0,0,0,0,-1500,0,15615,0,0,0,0,0,0,0,0,0,0,0,0,0,0,0,0,0,0,0,0,0,0,0,0,-5000,0,0,0,0,-5000,1040,0,0,0,0,0,0,0,0,0,-3030
2026-06-18,1,0,-812.5,0,0,0,0,-562.5,0,0,3362.5,1092.5,0,1350,0,0,0,-312.5,0,0,0,0,0,0,0,-1142.5,785,0,0,-760,0,0,0,0,0,0,0,0,0,0,0,0,0,0,0,0,0,0,0,0,0,0,0,0,0,-2000,-500,0,0,0,0,0,0,0,0,0,-500
2026-06-19,1,0,500,0,0,0,0,-2500,0,-637.5,-1500,-1465,0,6767.5,0,0,0,-2500,0,0,0,0,0,-500,0,-1500,-1310,0,0,1440,0,0,0,0,0,0,0,0,0,0,0,0,1142.5,0,4500,0,0,0,0,0,0,0,0,0,0,-3900,0,0,-500,0,0,0,0,0,0,2462.5,-500
2026-06-22,1,0,650,0,0,0,0,-500,0,0,-500,-2500,0,0,0,0,0,270,0,0,0,0,0,-1000,0,-2000,-1100,0,0,0,0,0,0,0,0,0,0,0,0,0,0,0,0,0,0,0,0,0,0,0,612.5,0,0,0,0,6505,-437.5,0,0,0,0,0,0,0,0,0,0
2026-06-24,1,0,1040,0,0,0,0,-1000,0,0,0,1632.5,0,785,0,0,0,-2500,0,0,0,0,0,0,0,-315,-457.5,0,0,0,0,0,0,0,0,0,0,0,0,0,0,0,0,0,0,0,0,0,0,0,2030,0,0,0,0,-215,0,0,0,0,0,0,0,0,0,0,-1000
2026-06-25,1,0,0,0,0,0,0,-250,0,0,0,393.75,0,0,0,0,0,0,0,0,0,0,0,0,0,262.5,0,0,0,0,0,0,0,0,0,0,0,0,0,0,0,0,0,343.75,0,0,0,0,0,0,0,0,0,0,0,-750,0,0,0,0,0,0,0,0,0,0,0
2026-06-26,1,0,-500,0,0,0,0,2792.5,0,0,0,-2867.5,0,287.5,0,0,0,-6260,0,0,0,0,0,-322.5,0,5900,-1282.5,0,0,0,0,0,0,0,0,0,0,0,0,0,0,0,0,0,-597.5,0,0,0,0,0,0,0,0,0,0,0,2000,0,0,0,0,0,0,0,0,0,850
2026-06-30,1,0,407.5,0,0,0,0,0,0,0,0,-3080,0,-800,0,0,0,3142.5,0,0,0,0,0,1560,0,967.5,0,0,0,0,0,0,0,0,0,0,0,0,0,0,0,0,-500,0,0,0,0,0,0,0,-1000,0,0,0,0,0,302.5,0,0,0,0,0,0,0,0,0,-1000
2026-07-02,1,0,0,0,0,0,0,-2000,0,0,0,-200,0,0,0,0,0,-1500,0,0,0,0,0,1750,0,1130,0,0,0,0,0,0,0,0,0,0,0,0,0,0,0,0,0,0,0,0,0,0,0,0,0,0,0,0,0,0,720,0,0,0,0,0,0,0,0,0,100
2026-07-04,1,0,0,0,0,0,0,1000,0,0,0,-3500,0,-2000,0,0,0,2500,0,0,0,0,0,3977.5,0,0,0,0,0,0,0,0,0,0,0,0,0,0,0,0,0,0,0,0,0,0,0,0,0,0,0,0,0,0,0,0,0,0,22.5,0,0,0,0,0,0,0,-2000