Date,Session,ankur1997,Knight@09,abhinav7,Harith Gowda,Subhinav,Pwn007,DEEDU,DJ Saket,MoriartyKD,tintin0007,Anne11,Killfreak,AnX007,Jmrj,m02dd,calcrohit,OGGareeb,sbjwinner,Manseyyyy,f51-dd,BluffMaster2301,KS@cypher,Uchiha Aman,AJBLR7,DJ_2805,RealAvocado
18-May,,-217,0,0,-144.08,0,-517.23,0,0,444.16,0,0,1130.25,-200,0,-200,0,0,0,0,103.9,0,-200,0,,,
04-Jun,,8609.44,3057.71,1505,533.66,-500,-705.81,-1000,-1000,-1500,-1500,-1500,-1500,-2000,-2500,0,0,0,0,0,0,0,,,,,
04-Jun,Table 2,-185.2,0,0,182.93,0,0,0,0,0,0,0,0,0,0,0,0,0,0,0,0,0,,,,,
04-Jun,Table 3,269.34,0,0,-500,0,0,0,0,0,0,0,0,0,0,0,0,0,0,0,0,0,,,,,
04-Jun,Table 4,-9078.69,0,0,1143.26,0,6978.85,0,0,0,0,0,0,0,0,0,0,0,0,0,0,0,,,,,
04-Jun,Table 5,-2005,0,0,4032.65,0,-2267.55,0,0,0,0,0,0,0,0,0,0,0,0,0,0,0,,,,,
05-Jun,,-2500,0,0,-1985.78,-500,1640.98,0,-500,1532.59,-500,0,0,3812.21,0,-500,-500,0,0,0,0,0,,,,,
06-Jun,Afternoon,529.86,0,0,-7544.56,-1500,8186.51,0,-1500,4657.76,0,0,684.38,-1532.11,0,-500,0,2018.15,-1000,-2500,0,0,,,,,
06-Jun,Night,-500,0,-1000,7431,-2500,-1500,0,865,0,0,1418,-500,-1000,0,786,-500,0,0,-3000,0,0,,,,,
07-Jun,,1648.79,0,0,-1273.63,0,-2757.5,0,0,1364.43,0,0,1390.42,-383.19,0,0,0,366.62,0,0,-355.95,0,,,,,
09-Jun,,9226.14,0,156.58,-4271.93,0,-4000,0,223.98,0,0,-3500,391.46,-2500,0,0,0,-4000,3110.49,-2500,0,7663.28,,,,,
10-Jun,,3329.83,0,0,2.5,0,-2500,0,0,0,0,0,0,0,0,0,0,0,0,0,0,-832.33,,,,,
11-Jun,,-1145.09,0,182.5,-5867.2,7894.32,4189.64,0,2804.33,998.06,-645,-1505,-3000,525.94,0,40.11,327.4,0,0,-2500,0,-2300,,,,,
11-Jun,Table 2,646.98,0,0,-1312.8,196.87,0,0,0,0,668.95,0,0,0,0,0,0,0,0,0,0,-200,,,,,
13-Jun,,-7500,,-500,-3250.78,8264.45,-5000,,-500,1959.32,,,-537.5,318.51,,-2487.63,5167.5,,,-493.75,,4622.37,-62.5,,,,
14-Jun,,,,,-1249.85,293.48,,,,-206.18,,,,,,,329.43,,,,,833.12,,,,,
14-Jun,Table 2,6547.38,,371.25,-7041.36,-4799.67,-3475,,114.49,-938.77,-1020,,-3462.5,,4446.89,6369.86,5400.61,,,,,-1500.68,-1012.5,,,,
14-Jun,Table 3,-89.05,,,337.5,,,,,,,,,,,,,,,,,-248.46,,,,,
15-Jun,,-5574.64,-1012.5,0,2621.98,1382.3,-4525,-1530,-7.5,-273.94,18619.86,2737.82,-2000,-1247.88,631.57,-1380.83,-1618.69,-14750,0,0,0,5761.9,0,,,,
16-Jun,,-3963.61,5222.92,0,7389.02,-5000,2776.97,-289.39,2035.62,-2500,0,-3969.32,7854.44,1835.48,-1915.19,-3440.61,-3886.57,-2250,-510,0,0,-1323.14,0,,,,
16-Jun,PLO,0,0,0,0,0,4.53,-290.16,-7.5,0,0,0,0,0,-206.42,-608.98,-7.5,0,0,0,0,1075,0,,,,
17-Jun,,5054.03,127.77,0,1488.44,-1005,-1647.82,-2500,-232.61,7136.87,-495,205.45,1133.9,-225.99,-7500,0,-2500,0,0,0,0,700.41,-448.37,,,,
17-Jun,Table 2,-3739.44,0,0,-1982.39,-1495,4788.5,0,0,-189.48,0,1015.56,-1515,-2755.22,0,1187.06,812.35,0,0,0,0,2431.89,0,1005.89,,,
18-Jun,,-881.23,-2627.77,0,1459.72,2832.98,1476,0,-4767.4,316.66,-2005,2913.69,-2118.9,-307.4,0,2821.53,-695.78,0,0,0,0,2160.61,0,-1484.71,,,
19-Jun,,-1324.87,0,0,3098.34,-1584.29,2355.07,0,7989.99,-4468.41,0,2709,1398.08,-1199.88,-6174.18,0,-1068.57,0,0,0,0,-22.5,0,-2500,,,
19-Jun,PLO,-483.75,0,0,0,0,0,0,0,0,0,0,0,0,0,0,0,0,0,0,0,481.31,0,,,,
20-Jun,,13394.14,0,1430.33,-2601.75,13237.91,-8660,-487.5,292.77,-726.11,-3308,0,1498.69,-1245,-1818.75,777.99,1360.98,-2250,-2572.5,-3338.25,0,-2763,0,-5000,,,
21-Jun,,13497.81,0,-122.66,108.94,-5000,-2018.11,-384.48,397.68,4661.6,-5775,-7268.2,-1548.56,5628.62,-7984.59,8347.8,-2093.03,1849.1,3166.16,0,155.83,-3761.47,0,-3809.49,,,
22-Jun,Table1,-123,,,,,-747,,,,-80,,,902,,,,,,,,,,,,,
22-Jun,table2,-2084.38,,,227.32,,-2479.11,,-7.5,-1452.2,-900,567.16,-446.79,-450,3437.15,1442.49,2650.22,-1200,-105,,,468.77,,,,,
23-Jun,,-14097.57,,1884.27,-82.3,-2250,5377.77,,,3290,15669.5,-1283.26,-4975,-2692,5440.95,-8250,5970.48,-2500,-1701.7,-15,,-1800,,,,,
24-Jun,,4514.42,,-1028,-2242.59,-5000,-2411.2,,3508.89,-1464,-3483.18,-450,-450,857.66,2347.1,1384.35,-1704.39,2820.08,1474.42,,,705.97,,,,,
24-Jun,Night,11261.48,,,,-11500,-1868.2,,,-129.68,,-395.73,,,,,570.58,2384,-626.14,,,,,,,,
26-Jun,,-2143.26,0,0,2735.3,-4000,-2745,0,-566.62,4834.55,-1800,-558.75,-495,-81.95,8018.56,0,-2264.22,1276.48,-1384.87,0,0,-1287,0,-900,,,
26-Jun,Night,278.05,0,0,-450,0,329.85,0,0,-450,0,0,-450,0,0,1166.2,-517.5,0,0,0,0,0,0,0,,,
27-Jun,,3952.24,0,0,0,-2250,6786.37,0,0,-543.75,1311.62,0,-1149.77,382.2,1093.9,-10050.55,-873.74,665.89,0,0,0,64.07,0,0,,,
27-Jun,Table 2,315.62,0,0,0,0,13.61,0,0,-170.04,626.66,0,0,0,0,0,-711.68,-450,0,0,0,0,0,345.97,,,
27-Jun,Table 2,8888.83,0,0,-5310.92,2973.95,-4948.01,0,2639.81,2876.09,-2091.54,0,0,0,0,0,-2683.36,-1500,0,0,0,1084.56,0,-3352.5,,,
28-Jun,,3733.95,65.41,0,2178.86,-4950,-927.37,0,0,-406.61,-2025,-22.91,2550.08,3190.4,-4919,0,-399.15,0,0,0,0,1232.61,0,0,,,
28-Jun,Table 2,-16418.88,0,252.22,-7673.57,16728.5,-900,0,-450,1204.23,-757.5,-1052.09,534.25,613.61,-6021.24,0,-1327.5,0,15276.89,0,0,-1466.25,0,0,,,
28-Jun,Table 3,1213.71,0,0,-3150,0,2887.26,0,0,-554.36,0,-2050,0,0,1478.41,0,0,0,0,0,0,0,0,0,,,
29-Jun,,18490.67,0,-51.21,-10440.98,-3502.5,4060.49,0,0,-1478.74,-8127.61,0,-1930.8,1244.17,-8288.05,0,-3011.25,806.78,0,0,0,0,0,10188.34,,,
30-Jun,,4027.81,0,0,0,-6750,0,0,0,562.51,0,0,0,0,0,0,0,0,0,0,0,0,0,1576.37,,,
30-Jun,Table1,-140.46,0,0,58.42,0,-1353.48,0,0,684.84,0,0,-450,1110.85,0,0,0,0,0,0,0,0,0,0,,,
30-Jun,Table2,19793.11,0,-25.5,-1041.85,-9975,-1500,0,15805.63,-329.63,-1500,0,-5828.54,375.66,-2316.7,0,-3756.77,-11478.03,0,0,0,0,0,-426.57,,,
1-Jul,,5182.69,-2565.41,-502.5,-4482.48,4443.24,0,0,269.25,4780.24,-1650,0,-2090.36,-563.01,-4632.08,0,-1480.33,5596.36,0,0,0,0,0,-4327.5,,,
2-Jul,,-5560.01,3202.92,0,2300.59,-2250,6869.43,-31.68,-538.93,-4942,4854.66,0,3517.97,-7122.43,709.64,0,0,14.05,0,0,0,0,0,-2352.39,,,
3-Jul,,9095.08,0,0,-5703.75,-4500,389.2,0,0,2842.17,4402.69,0,0,-124.13,-7149.68,0,0,0,0,0,0,0,0,0,,,
3-Jul,Table2,2011.66,-2342.36,1949.72,-14948.44,8990.42,-4139.33,1680.91,-2308.65,7853.41,13602.34,0,-1499.5,-1625.88,-2763.55,0,1314.81,5505.44,-4289.45,0,0,-323.29,0,-11884.01,,,
4-Jul,,-13512.1,-1563.75,1992.19,380,-12833.61,-490.37,-222.66,0,-4632.13,15008.03,0,1231.32,-900,0,0,-600.13,-2985,17979.94,0,0,2864.03,0,-3498.28,,,
6-Jul,,-581.25,0,0,0,0,112.39,-1850.59,0,2607.33,2372.68,-819.92,-934.8,-450,0,1318.68,376.21,-2983.41,-121.28,0,0,764.22,-450,0,,,
6-Jul,Table2,594.81,0,660.77,-2493.72,-645,-4050,-5557.56,0,7034.84,-2263.98,-1680.08,875.52,-1272.62,0,-37.5,-42.34,5565.31,9.32,0,0,2392.98,0,0,,,
7-Jul,,2016.34,-5086.27,-68.23,-6160.03,-6605,4934.64,3504.02,229.69,-395.23,-5154.9,0,-2472.11,-2700,-434.69,1071.8,-1296.53,9717.53,-1793.2,0,0,1555.16,0,0,,,
8-Jul,,1181.89,0,960.16,249.49,0,-3689.84,1411.99,0,146.83,507.16,0,-1507.5,0,-10892.26,1948.35,0,2046.82,0,0,0,600.24,0,0,,,
9-Jul,Table1,-5777.65,112.94,360.18,-1747.5,-5500,6224.16,-177.73,216.5,215.09,1423.78,0,-74.55,-500,-186.74,2441.51,0,2032.68,0,0,0,0,0,0,-25,,
9-Jul,Table2,1344.34,-1500,0,-536.99,-1555.19,227.5,0,0,0,-2285,0,-628.75,0,0,-474.5,0,5646.09,0,0,0,-237.5,0,0,0,,
10-Jul,,-1512.5,-310.94,0,-1135.06,58.12,10319.67,1789.01,0,797.26,-3975,-2500,-498.12,-198.75,2284.07,-392.08,1885.12,-7441.36,0,0,0,830.55,0,0,0,,
11-Jul,,-7.5,0,0,10337.15,-2394.69,-8655,-1255.5,0,1283.99,-943.75,0,0,-450,-6541.73,6376.84,-1513.84,-469.92,0,0,0,3066.44,0,0,0,,
11-Jul,Table2,-126.98,0,0,2833.8,0,0,0,0,0,-1800,0,0,0,0,-990.89,0,0,0,0,0,20.95,0,0,0,0,
12-Jul,,0,-4426.99,-502.5,-5674.03,0,2381.98,-674.04,0,2468.24,-8250,0,-2902.65,-450,-5473.28,17338,6748.59,188.74,0,0,0,-1832.99,0,0,-475,0,
13-Jul,,690.63,0,0,10536.38,-6592.5,2866.67,1169.93,0,7698.21,-4070,422.93,2433.2,-85,-15375.99,3440.24,-4840,-4912.05,0,0,0,4301.26,0,0,0,-1394.88,
14-Jul,,-450,0,1707.06,-8996.25,-2250,5752.06,3743.73,-900,-3003.62,22914.87,2170.42,-4105.38,-4898.43,-7113.13,-2745.03,-3078.61,257.18,0,0,0,2781.59,-900,0,0,-3935.03,
14-Jul,Table2,0,0,0,6364.52,-2250,431.18,0,0,552.09,-1350,-37.5,-2287.5,0,0,0,875.43,0,0,0,0,0,0,0,0,-2561.2,
15-Jul,,0,0,0,-529.19,0,-5862.96,-1087.31,0,3143.53,-780.61,-1845,8211.5,-7467.82,3756.98,-2229.17,6744.12,-369.38,0,0,0,-907.5,0,0,0,-2410.27,
15-Jul,Table2,0,0,0,-645.75,0,0,0,0,0,599.96,0,0,0,-681.94,0,0,719.96,0,0,0,0,0,0,0,0,
15-Jul,Table3,0,0,647,-183.03,0,6407.85,0,0,-1800,-253.01,520.12,45.98,0,0,1629.96,-1050,-2254.75,0,0,0,-1655.71,0,0,0,-2582.82,
15-Jul,Table4,0,0,0,0,0,0,0,0,-41.25,447.75,-450,0,0,0,98.43,0,0,0,0,0,-71.1,0,0,0,8.66,
15-Jul,Table5,0,0,0,-8378.36,0,-1760.62,0,-900,-3000,-6397.5,6605.78,-680.98,0,0,10483.35,0,0,0,0,0,-678.3,0,0,0,3921.04,
16-Jul,,-4070.37,0,1030.54,-2700,-2250,15034.97,6857.05,0,3160.17,10422.56,-1896.02,-8740.77,7958.16,-9922.76,-3660.21,-4272.4,-10413.63,0,0,0,2452.93,0,0,0,-2151.95,
17-Jul,,1909.36,0,2924.57,-5330.19,-8501.97,-9903.3,-2579.83,-301.93,2175.77,3190.43,-52.98,-2376.05,3472.48,11182.11,377.68,-2958.28,4233.69,0,0,0,1646.68,-450,0,0,-786.83,-272.02
18-Jul,,0,0,-502.5,-1525.81,4432.45,148.31,0,-709.53,189.6,-6427.5,468.64,-500,-1125,-904.31,-1146.38,-2531.74,5254.32,0,0,0,12.75,0,0,0,-3207.75,6954.6
19-Jul,,-750,0,0,-3132.89,-3716.66,13942.14,0,-487.63,654.17,624.7,3222.52,774.91,3345.85,235.06,1173.09,-190.63,-7528.94,0,0,0,-167.84,0,-2500,0,-6769.63,-249.09
20-Jul,,-1450,0,346.44,11501.15,-652.5,576.55,0,227.26,0,2668.21,-1059.83,-6774.91,893.75,-2293.88,-7789.23,-2277.64,4042.91,0,0,0,5307.32,0,0,0,-5265.29,281.57